host,day,status,len
globe.adsb.fi,2024-01-01,200,4294782
adsb.lol,2024-01-01,200,6439307
globe.adsb.fi,2024-01-02,200,5011063
adsb.lol,2024-01-02,200,7553124
globe.adsb.fi,2024-01-03,200,5092964
adsb.lol,2024-01-03,200,7696156
globe.adsb.fi,2024-01-04,200,5147774
adsb.lol,2024-01-04,200,7702455
globe.adsb.fi,2024-01-05,200,5280000
adsb.lol,2024-01-05,200,7934792
globe.adsb.fi,2024-01-06,200,4982060
adsb.lol,2024-01-06,200,7413062
globe.adsb.fi,2024-01-07,200,4951505
adsb.lol,2024-01-07,200,7345298
globe.adsb.fi,2024-01-08,200,4998918
adsb.lol,2024-01-08,200,7442503
globe.adsb.fi,2024-01-09,200,4626772
adsb.lol,2024-01-09,200,6950652
globe.adsb.fi,2024-01-10,200,4824876
adsb.lol,2024-01-10,200,7255707
globe.adsb.fi,2024-01-11,200,4922098
adsb.lol,2024-01-11,200,7393315
globe.adsb.fi,2024-01-12,200,4871060
adsb.lol,2024-01-12,200,7218127
globe.adsb.fi,2024-01-13,200,4480753
adsb.lol,2024-01-13,200,6609513
globe.adsb.fi,2024-01-14,200,4610187
adsb.lol,2024-01-14,200,6816004
globe.adsb.fi,2024-01-15,200,4502208
adsb.lol,2024-01-15,200,6773470
globe.adsb.fi,2024-01-16,200,4062503
adsb.lol,2024-01-16,200,6030153
globe.adsb.fi,2024-01-17,200,4296393
adsb.lol,2024-01-17,200,6573191
globe.adsb.fi,2024-01-18,200,4833245
adsb.lol,2024-01-18,200,7343145
globe.adsb.fi,2024-01-19,200,4915507
adsb.lol,2024-01-19,200,7448540
globe.adsb.fi,2024-01-20,200,4804838
adsb.lol,2024-01-20,200,7253559
globe.adsb.fi,2024-01-21,200,4595444
adsb.lol,2024-01-21,200,6937913
globe.adsb.fi,2024-01-22,200,4602662
adsb.lol,2024-01-22,200,7015630
globe.adsb.fi,2024-01-23,200,4388489
adsb.lol,2024-01-23,200,6711130
globe.adsb.fi,2024-01-24,200,4526869
adsb.lol,2024-01-24,200,6853547
globe.adsb.fi,2024-01-25,200,4652576
adsb.lol,2024-01-25,200,6993823
globe.adsb.fi,2024-01-26,200,4972817
adsb.lol,2024-01-26,200,7582522
globe.adsb.fi,2024-01-27,200,4849566
adsb.lol,2024-01-27,200,7386781
globe.adsb.fi,2024-01-28,200,4949164
adsb.lol,2024-01-28,200,7555130
globe.adsb.fi,2024-01-29,200,4756736
adsb.lol,2024-01-29,200,7327347
globe.adsb.fi,2024-01-30,200,4755494
adsb.lol,2024-01-30,200,7212690
globe.adsb.fi,2024-01-31,200,4766342
adsb.lol,2024-01-31,200,7282013
globe.adsb.fi,2024-02-01,200,4964430
adsb.lol,2024-02-01,200,7549299
globe.adsb.fi,2024-02-02,200,5083218
adsb.lol,2024-02-02,200,7824066
globe.adsb.fi,2024-02-03,200,4693972
adsb.lol,2024-02-03,200,7228695
globe.adsb.fi,2024-02-04,200,4655890
adsb.lol,2024-02-04,200,7113890
globe.adsb.fi,2024-02-05,200,4727065
adsb.lol,2024-02-05,200,7309598
globe.adsb.fi,2024-02-06,200,4551444
adsb.lol,2024-02-06,200,7027842
globe.adsb.fi,2024-02-07,200,4769137
adsb.lol,2024-02-07,200,7194764
globe.adsb.fi,2024-02-08,200,4944257
adsb.lol,2024-02-08,200,7680168
globe.adsb.fi,2024-02-09,200,5116183
adsb.lol,2024-02-09,200,7942876
globe.adsb.fi,2024-02-10,200,5011254
adsb.lol,2024-02-10,200,7724062
globe.adsb.fi,2024-02-11,200,4579038
adsb.lol,2024-02-11,200,7029049
globe.adsb.fi,2024-02-12,200,4902123
adsb.lol,2024-02-12,200,7630642
globe.adsb.fi,2024-02-13,200,4473755
adsb.lol,2024-02-13,200,6906519
globe.adsb.fi,2024-02-14,200,4923232
adsb.lol,2024-02-14,200,7536791
globe.adsb.fi,2024-02-15,200,5254276
adsb.lol,2024-02-15,200,8190308
globe.adsb.fi,2024-02-16,200,5331224
adsb.lol,2024-02-16,200,8241469
globe.adsb.fi,2024-02-17,200,4882476
adsb.lol,2024-02-17,200,7448352
globe.adsb.fi,2024-02-18,200,5009871
adsb.lol,2024-02-18,200,7777208
globe.adsb.fi,2024-02-19,200,5037555
adsb.lol,2024-02-19,200,7986418
globe.adsb.fi,2024-02-20,200,4991560
adsb.lol,2024-02-20,200,7776192
globe.adsb.fi,2024-02-21,200,5014982
adsb.lol,2024-02-21,200,7846783
globe.adsb.fi,2024-02-22,200,5229716
adsb.lol,2024-02-22,200,8122310
globe.adsb.fi,2024-02-23,200,5337658
adsb.lol,2024-02-23,200,8370136
globe.adsb.fi,2024-02-24,200,5326038
adsb.lol,2024-02-24,200,8230295
globe.adsb.fi,2024-02-25,200,5238331
adsb.lol,2024-02-25,200,7998771
globe.adsb.fi,2024-02-26,200,5236030
adsb.lol,2024-02-26,200,8155196
globe.adsb.fi,2024-02-27,200,4957600
adsb.lol,2024-02-27,200,7782415
globe.adsb.fi,2024-02-28,200,5028461
adsb.lol,2024-02-28,200,7904555
globe.adsb.fi,2024-02-29,200,5232791
adsb.lol,2024-02-29,200,8232856
globe.adsb.fi,2024-03-01,200,5328044
adsb.lol,2024-03-01,200,8410197
globe.adsb.fi,2024-03-02,200,4955084
adsb.lol,2024-03-02,200,7608179
globe.adsb.fi,2024-03-03,200,5078195
adsb.lol,2024-03-03,200,7935605
globe.adsb.fi,2024-03-04,200,5208980
adsb.lol,2024-03-04,200,8213393
globe.adsb.fi,2024-03-05,200,4985620
adsb.lol,2024-03-05,200,7861027
globe.adsb.fi,2024-03-06,200,5084817
adsb.lol,2024-03-06,200,7817097
globe.adsb.fi,2024-03-07,200,5343937
adsb.lol,2024-03-07,200,8304504
globe.adsb.fi,2024-03-08,200,5653744
adsb.lol,2024-03-08,200,8856558
globe.adsb.fi,2024-03-09,200,5312760
adsb.lol,2024-03-09,200,8296828
globe.adsb.fi,2024-03-10,200,5883925
adsb.lol,2024-03-10,200,9137851
globe.adsb.fi,2024-03-11,200,6466353
adsb.lol,2024-03-11,200,10429230
globe.adsb.fi,2024-03-12,200,6378273
adsb.lol,2024-03-12,200,10357525
globe.adsb.fi,2024-03-13,200,6434350
adsb.lol,2024-03-13,200,10392386
globe.adsb.fi,2024-03-14,200,6657359
adsb.lol,2024-03-14,200,10754106
globe.adsb.fi,2024-03-15,200,6655849
adsb.lol,2024-03-15,200,10866730
globe.adsb.fi,2024-03-16,200,6363312
adsb.lol,2024-03-16,200,10346206
globe.adsb.fi,2024-03-17,200,6064024
adsb.lol,2024-03-17,200,9780856
globe.adsb.fi,2024-03-18,200,6598072
adsb.lol,2024-03-18,200,10719151
globe.adsb.fi,2024-03-19,200,6622047
adsb.lol,2024-03-19,200,10686997
globe.adsb.fi,2024-03-20,200,6782831
adsb.lol,2024-03-20,200,10975216
globe.adsb.fi,2024-03-21,200,6942966
adsb.lol,2024-03-21,200,10794215
globe.adsb.fi,2024-03-22,200,6667622
adsb.lol,2024-03-22,404,
globe.adsb.fi,2024-03-23,200,5943227
adsb.lol,2024-03-23,200,9342615
globe.adsb.fi,2024-03-24,200,6115540
adsb.lol,2024-03-24,200,9741232
globe.adsb.fi,2024-03-25,200,6655393
adsb.lol,2024-03-25,200,10601655
globe.adsb.fi,2024-03-26,200,6456604
adsb.lol,2024-03-26,200,9861770
globe.adsb.fi,2024-03-27,200,6411878
adsb.lol,2024-03-27,200,9704809
globe.adsb.fi,2024-03-28,200,6714275
adsb.lol,2024-03-28,200,10267410
globe.adsb.fi,2024-03-29,200,7128013
adsb.lol,2024-03-29,200,11014194
globe.adsb.fi,2024-03-30,200,6669290
adsb.lol,2024-03-30,200,10286181
globe.adsb.fi,2024-03-31,200,6120909
adsb.lol,2024-03-31,200,8462866
globe.adsb.fi,2024-04-01,200,6709979
adsb.lol,2024-04-01,200,10555377
globe.adsb.fi,2024-04-02,200,6534208
adsb.lol,2024-04-02,200,10078734
globe.adsb.fi,2024-04-03,200,6335739
adsb.lol,2024-04-03,200,9704427
globe.adsb.fi,2024-04-04,200,6695299
adsb.lol,2024-04-04,200,10128042
globe.adsb.fi,2024-04-05,200,7373343
adsb.lol,2024-04-05,200,11048948
globe.adsb.fi,2024-04-06,200,7055318
adsb.lol,2024-04-06,200,10467746
globe.adsb.fi,2024-04-07,200,6880217
adsb.lol,2024-04-07,200,10485809
globe.adsb.fi,2024-04-08,200,7420307
adsb.lol,2024-04-08,200,11434565
globe.adsb.fi,2024-04-09,200,7058786
adsb.lol,2024-04-09,200,10810611
globe.adsb.fi,2024-04-10,200,7055797
adsb.lol,2024-04-10,200,10854527
globe.adsb.fi,2024-04-11,200,6813805
adsb.lol,2024-04-11,200,10443566
globe.adsb.fi,2024-04-12,200,7489852
adsb.lol,2024-04-12,200,11671360
globe.adsb.fi,2024-04-13,200,7023130
adsb.lol,2024-04-13,200,10803791
globe.adsb.fi,2024-04-14,200,7184110
adsb.lol,2024-04-14,200,11219106
globe.adsb.fi,2024-04-15,200,7170728
adsb.lol,2024-04-15,200,11178491
globe.adsb.fi,2024-04-16,200,7188138
adsb.lol,2024-04-16,200,11151222
globe.adsb.fi,2024-04-17,200,6942472
adsb.lol,2024-04-17,200,10901189
globe.adsb.fi,2024-04-18,200,7310275
adsb.lol,2024-04-18,200,11398613
globe.adsb.fi,2024-04-19,200,7071657
adsb.lol,2024-04-19,200,10885279
globe.adsb.fi,2024-04-20,200,6510966
adsb.lol,2024-04-20,200,9996829
globe.adsb.fi,2024-04-21,200,6828328
adsb.lol,2024-04-21,200,10683150
globe.adsb.fi,2024-04-22,200,7165989
adsb.lol,2024-04-22,200,11230756
globe.adsb.fi,2024-04-23,200,7424293
adsb.lol,2024-04-23,200,11526158
globe.adsb.fi,2024-04-24,200,7173936
adsb.lol,2024-04-24,200,11145371
globe.adsb.fi,2024-04-25,200,7272053
adsb.lol,2024-04-25,200,11398988
globe.adsb.fi,2024-04-26,200,7465698
adsb.lol,2024-04-26,200,11723250
globe.adsb.fi,2024-04-27,200,6576441
adsb.lol,2024-04-27,200,10046444
globe.adsb.fi,2024-04-28,200,6397613
adsb.lol,2024-04-28,200,9794226
globe.adsb.fi,2024-04-29,200,7221787
adsb.lol,2024-04-29,200,11325256
globe.adsb.fi,2024-04-30,200,6973763
adsb.lol,2024-04-30,200,10756997
globe.adsb.fi,2024-05-01,200,7314940
adsb.lol,2024-05-01,200,11342407
globe.adsb.fi,2024-05-02,200,7307043
adsb.lol,2024-05-02,200,11405701
globe.adsb.fi,2024-05-03,200,7190022
adsb.lol,2024-05-03,200,11177128
globe.adsb.fi,2024-05-04,200,6694830
adsb.lol,2024-05-04,200,10353868
globe.adsb.fi,2024-05-05,200,6778471
adsb.lol,2024-05-05,200,11119048
globe.adsb.fi,2024-05-06,200,6970696
adsb.lol,2024-05-06,200,11573387
globe.adsb.fi,2024-05-07,200,7281577
adsb.lol,2024-05-07,200,12051672
globe.adsb.fi,2024-05-08,200,7432615
adsb.lol,2024-05-08,200,12259087
globe.adsb.fi,2024-05-09,200,7853688
adsb.lol,2024-05-09,200,12758396
globe.adsb.fi,2024-05-10,200,7690013
adsb.lol,2024-05-10,200,12534582
globe.adsb.fi,2024-05-11,200,7365741
adsb.lol,2024-05-11,200,12062754
globe.adsb.fi,2024-05-12,200,7104179
adsb.lol,2024-05-12,200,11591220
globe.adsb.fi,2024-05-13,200,7414750
adsb.lol,2024-05-13,200,12234905
globe.adsb.fi,2024-05-14,200,7204456
adsb.lol,2024-05-14,200,12059068
globe.adsb.fi,2024-05-15,200,7099226
adsb.lol,2024-05-15,200,11870332
globe.adsb.fi,2024-05-16,200,7422881
adsb.lol,2024-05-16,200,12439355
globe.adsb.fi,2024-05-17,200,7524361
adsb.lol,2024-05-17,200,12622628
globe.adsb.fi,2024-05-18,200,6824235
adsb.lol,2024-05-18,200,11311837
globe.adsb.fi,2024-05-19,200,6878447
adsb.lol,2024-05-19,200,11414400
globe.adsb.fi,2024-05-20,200,7616675
adsb.lol,2024-05-20,200,12679404
globe.adsb.fi,2024-05-21,200,7417149
adsb.lol,2024-05-21,200,12188090
globe.adsb.fi,2024-05-22,200,7564993
adsb.lol,2024-05-22,200,12546212
globe.adsb.fi,2024-05-23,200,7743813
adsb.lol,2024-05-23,200,12785862
globe.adsb.fi,2024-05-24,200,7946842
adsb.lol,2024-05-24,200,13214484
globe.adsb.fi,2024-05-25,200,7233737
adsb.lol,2024-05-25,200,11845587
globe.adsb.fi,2024-05-26,200,6671471
adsb.lol,2024-05-26,200,10997069
globe.adsb.fi,2024-05-27,200,6723390
adsb.lol,2024-05-27,200,11199607
globe.adsb.fi,2024-05-28,200,7289458
adsb.lol,2024-05-28,200,12037928
globe.adsb.fi,2024-05-29,200,7777814
adsb.lol,2024-05-29,200,13079070
globe.adsb.fi,2024-05-30,200,7918242
adsb.lol,2024-05-30,200,13180164
globe.adsb.fi,2024-05-31,200,7736346
adsb.lol,2024-05-31,200,12830522
globe.adsb.fi,2024-06-01,200,7150864
adsb.lol,2024-06-01,200,11726720
globe.adsb.fi,2024-06-02,200,7280920
adsb.lol,2024-06-02,200,11826371
globe.adsb.fi,2024-06-03,200,7515779
adsb.lol,2024-06-03,200,12279243
globe.adsb.fi,2024-06-04,200,7675566
adsb.lol,2024-06-04,200,12605139
globe.adsb.fi,2024-06-05,200,7801166
adsb.lol,2024-06-05,200,12929720
globe.adsb.fi,2024-06-06,200,8114485
adsb.lol,2024-06-06,200,13502386
globe.adsb.fi,2024-06-07,200,8466924
adsb.lol,2024-06-07,200,14161180
globe.adsb.fi,2024-06-08,200,7619524
adsb.lol,2024-06-08,200,12525041
globe.adsb.fi,2024-06-09,200,7611295
adsb.lol,2024-06-09,200,12575873
globe.adsb.fi,2024-06-10,200,7806220
adsb.lol,2024-06-10,200,12795830
globe.adsb.fi,2024-06-11,200,8014543
adsb.lol,2024-06-11,200,13135664
globe.adsb.fi,2024-06-12,200,8093733
adsb.lol,2024-06-12,200,13415421
globe.adsb.fi,2024-06-13,200,8241318
adsb.lol,2024-06-13,200,13643706
globe.adsb.fi,2024-06-14,200,8297812
adsb.lol,2024-06-14,200,13659962
globe.adsb.fi,2024-06-15,200,7672097
adsb.lol,2024-06-15,200,12545025
globe.adsb.fi,2024-06-16,200,7594857
adsb.lol,2024-06-16,200,12470852
globe.adsb.fi,2024-06-17,200,8115520
adsb.lol,2024-06-17,200,13621804
globe.adsb.fi,2024-06-18,200,8113038
adsb.lol,2024-06-18,200,13530955
globe.adsb.fi,2024-06-19,200,8286032
adsb.lol,2024-06-19,200,13904690
globe.adsb.fi,2024-06-20,200,8466660
adsb.lol,2024-06-20,200,14151884
globe.adsb.fi,2024-06-21,200,8201311
adsb.lol,2024-06-21,200,13642842
globe.adsb.fi,2024-06-22,200,7828601
adsb.lol,2024-06-22,200,13065269
globe.adsb.fi,2024-06-23,200,7711165
adsb.lol,2024-06-23,200,12575996
globe.adsb.fi,2024-06-24,200,8477570
adsb.lol,2024-06-24,200,13845019
globe.adsb.fi,2024-06-25,200,8361995
adsb.lol,2024-06-25,200,13933186
globe.adsb.fi,2024-06-26,200,8468918
adsb.lol,2024-06-26,200,14059992
globe.adsb.fi,2024-06-27,200,8393181
adsb.lol,2024-06-27,200,13931405
globe.adsb.fi,2024-06-28,200,8433975
adsb.lol,2024-06-28,200,14035041
globe.adsb.fi,2024-06-29,200,7732199
adsb.lol,2024-06-29,200,12875705
globe.adsb.fi,2024-06-30,200,7261255
adsb.lol,2024-06-30,200,12113357
globe.adsb.fi,2024-07-01,200,7814061
adsb.lol,2024-07-01,200,13094035
globe.adsb.fi,2024-07-02,200,8084025
adsb.lol,2024-07-02,200,13634592
globe.adsb.fi,2024-07-03,200,8150646
adsb.lol,2024-07-03,200,13610206
globe.adsb.fi,2024-07-04,200,7609850
adsb.lol,2024-07-04,200,12613608
globe.adsb.fi,2024-07-05,200,7490033
adsb.lol,2024-07-05,200,12438533
globe.adsb.fi,2024-07-06,200,7480294
adsb.lol,2024-07-06,200,12198138
globe.adsb.fi,2024-07-07,200,7819502
adsb.lol,2024-07-07,200,12687821
globe.adsb.fi,2024-07-08,200,8259445
adsb.lol,2024-07-08,200,13709911
globe.adsb.fi,2024-07-09,200,8193471
adsb.lol,2024-07-09,200,13632349
globe.adsb.fi,2024-07-10,200,8130413
adsb.lol,2024-07-10,200,13765309
globe.adsb.fi,2024-07-11,200,8503500
adsb.lol,2024-07-11,200,14386162
globe.adsb.fi,2024-07-12,200,8247182
adsb.lol,2024-07-12,200,13810948
globe.adsb.fi,2024-07-13,200,7897685
adsb.lol,2024-07-13,200,13096971
globe.adsb.fi,2024-07-14,200,8099176
adsb.lol,2024-07-14,200,13616366
globe.adsb.fi,2024-07-15,200,8520521
adsb.lol,2024-07-15,200,14317164
globe.adsb.fi,2024-07-16,200,8218800
adsb.lol,2024-07-16,200,14086254
globe.adsb.fi,2024-07-17,200,8762661
adsb.lol,2024-07-17,200,14883689
globe.adsb.fi,2024-07-18,200,8850906
adsb.lol,2024-07-18,200,14851648
globe.adsb.fi,2024-07-19,200,7915693
adsb.lol,2024-07-19,200,13234217
globe.adsb.fi,2024-07-20,200,8004891
adsb.lol,2024-07-20,200,13226967
globe.adsb.fi,2024-07-21,200,7453346
adsb.lol,2024-07-21,200,12457882
globe.adsb.fi,2024-07-22,200,7934772
adsb.lol,2024-07-22,200,13509044
globe.adsb.fi,2024-07-23,200,7850481
adsb.lol,2024-07-23,200,13291002
globe.adsb.fi,2024-07-24,200,8289179
adsb.lol,2024-07-24,200,14078603
globe.adsb.fi,2024-07-25,200,8625819
adsb.lol,2024-07-25,200,14541889
globe.adsb.fi,2024-07-26,200,8714394
adsb.lol,2024-07-26,200,14824693
globe.adsb.fi,2024-07-27,200,8128385
adsb.lol,2024-07-27,200,13811654
globe.adsb.fi,2024-07-28,200,8169700
adsb.lol,2024-07-28,200,13753537
globe.adsb.fi,2024-07-29,200,8275187
adsb.lol,2024-07-29,200,14021627
globe.adsb.fi,2024-07-30,200,8362715
adsb.lol,2024-07-30,200,14082212
globe.adsb.fi,2024-07-31,200,8481563
adsb.lol,2024-07-31,200,14474672
globe.adsb.fi,2024-08-01,200,8362146
adsb.lol,2024-08-01,200,14119327
globe.adsb.fi,2024-08-02,200,8574715
adsb.lol,2024-08-02,200,14390547
globe.adsb.fi,2024-08-03,200,7879072
adsb.lol,2024-08-03,200,13015645
globe.adsb.fi,2024-08-04,200,7434830
adsb.lol,2024-08-04,200,12221279
globe.adsb.fi,2024-08-05,200,7757812
adsb.lol,2024-08-05,200,12877810
globe.adsb.fi,2024-08-06,200,7904886
adsb.lol,2024-08-06,200,13190851
globe.adsb.fi,2024-08-07,200,7827951
adsb.lol,2024-08-07,200,13146388
globe.adsb.fi,2024-08-08,200,8175978
adsb.lol,2024-08-08,200,13688993
globe.adsb.fi,2024-08-09,200,8150890
adsb.lol,2024-08-09,200,13757530
globe.adsb.fi,2024-08-10,200,8011723
adsb.lol,2024-08-10,200,13551026
globe.adsb.fi,2024-08-11,200,8086351
adsb.lol,2024-08-11,200,13683202
globe.adsb.fi,2024-08-12,200,8328743
adsb.lol,2024-08-12,200,13777012
globe.adsb.fi,2024-08-13,200,8274753
adsb.lol,2024-08-13,200,14132771
globe.adsb.fi,2024-08-14,200,8147116
adsb.lol,2024-08-14,200,13961482
globe.adsb.fi,2024-08-15,200,8372891
adsb.lol,2024-08-15,200,14364762
globe.adsb.fi,2024-08-16,200,8301550
adsb.lol,2024-08-16,200,14269942
globe.adsb.fi,2024-08-17,200,7810004
adsb.lol,2024-08-17,200,13368527
globe.adsb.fi,2024-08-18,200,7445524
adsb.lol,2024-08-18,200,12732765
globe.adsb.fi,2024-08-19,200,7935021
adsb.lol,2024-08-19,200,13553169
globe.adsb.fi,2024-08-20,200,7934763
adsb.lol,2024-08-20,200,13499837
globe.adsb.fi,2024-08-21,200,8268913
adsb.lol,2024-08-21,200,14256712
globe.adsb.fi,2024-08-22,200,8242310
adsb.lol,2024-08-22,200,14213564
globe.adsb.fi,2024-08-23,200,8383830
adsb.lol,2024-08-23,200,14407474
globe.adsb.fi,2024-08-24,200,7819015
adsb.lol,2024-08-24,200,13244805
globe.adsb.fi,2024-08-25,200,7949239
adsb.lol,2024-08-25,200,13565490
globe.adsb.fi,2024-08-26,200,8214507
adsb.lol,2024-08-26,200,14230337
globe.adsb.fi,2024-08-27,200,8131997
adsb.lol,2024-08-27,200,13948703
globe.adsb.fi,2024-08-28,200,8389944
adsb.lol,2024-08-28,200,14457131
globe.adsb.fi,2024-08-29,200,8467127
adsb.lol,2024-08-29,200,14636288
globe.adsb.fi,2024-08-30,200,8187221
adsb.lol,2024-08-30,200,14164346
globe.adsb.fi,2024-08-31,200,7570312
adsb.lol,2024-08-31,200,12999115
globe.adsb.fi,2024-09-01,200,7041523
adsb.lol,2024-09-01,200,11845762
globe.adsb.fi,2024-09-02,200,7215943
adsb.lol,2024-09-02,200,12359432
globe.adsb.fi,2024-09-03,200,7849989
adsb.lol,2024-09-03,200,13360855
globe.adsb.fi,2024-09-04,200,7898692
adsb.lol,2024-09-04,200,13529636
globe.adsb.fi,2024-09-05,200,8130164
adsb.lol,2024-09-05,200,13965283
globe.adsb.fi,2024-09-06,200,8095141
adsb.lol,2024-09-06,200,13790910
globe.adsb.fi,2024-09-07,200,7609091
adsb.lol,2024-09-07,200,12793233
globe.adsb.fi,2024-09-08,200,7659436
adsb.lol,2024-09-08,200,13057211
globe.adsb.fi,2024-09-09,200,7833905
adsb.lol,2024-09-09,200,13435061
globe.adsb.fi,2024-09-10,200,7841072
adsb.lol,2024-09-10,200,13413087
globe.adsb.fi,2024-09-11,200,7701056
adsb.lol,2024-09-11,200,13318549
globe.adsb.fi,2024-09-12,200,7898924
adsb.lol,2024-09-12,200,13575661
globe.adsb.fi,2024-09-13,200,8066428
adsb.lol,2024-09-13,200,13877596
globe.adsb.fi,2024-09-14,200,7541909
adsb.lol,2024-09-14,200,12845262
globe.adsb.fi,2024-09-15,200,7606433
adsb.lol,2024-09-15,200,12827280
globe.adsb.fi,2024-09-16,200,7980216
adsb.lol,2024-09-16,200,13349208
globe.adsb.fi,2024-09-17,200,7896275
adsb.lol,2024-09-17,200,13514462
globe.adsb.fi,2024-09-18,200,8074239
adsb.lol,2024-09-18,200,13602397
globe.adsb.fi,2024-09-19,200,8487019
adsb.lol,2024-09-19,200,14151381
globe.adsb.fi,2024-09-20,200,8507105
adsb.lol,2024-09-20,200,14173671
globe.adsb.fi,2024-09-21,200,7684861
adsb.lol,2024-09-21,200,12701256
globe.adsb.fi,2024-09-22,200,7714623
adsb.lol,2024-09-22,200,12719378
globe.adsb.fi,2024-09-23,200,7773921
adsb.lol,2024-09-23,200,12953770
globe.adsb.fi,2024-09-24,200,7440473
adsb.lol,2024-09-24,200,12478111
globe.adsb.fi,2024-09-25,200,7474502
adsb.lol,2024-09-25,200,12510046
globe.adsb.fi,2024-09-26,200,7352755
adsb.lol,2024-09-26,200,12207299
globe.adsb.fi,2024-09-27,200,7167225
adsb.lol,2024-09-27,200,11867908
globe.adsb.fi,2024-09-28,200,7327792
adsb.lol,2024-09-28,200,12192380
globe.adsb.fi,2024-09-29,200,7590497
adsb.lol,2024-09-29,200,12576158
globe.adsb.fi,2024-09-30,200,7642435
adsb.lol,2024-09-30,200,12772624
globe.adsb.fi,2024-10-01,200,7371284
adsb.lol,2024-10-01,200,12356608
globe.adsb.fi,2024-10-02,200,7637321
adsb.lol,2024-10-02,200,12781489
globe.adsb.fi,2024-10-03,200,8189557
adsb.lol,2024-10-03,200,13818677
globe.adsb.fi,2024-10-04,200,8331700
adsb.lol,2024-10-04,200,14373465
globe.adsb.fi,2024-10-05,200,7531669
adsb.lol,2024-10-05,200,12800233
globe.adsb.fi,2024-10-06,200,7306485
adsb.lol,2024-10-06,200,12373605
globe.adsb.fi,2024-10-07,200,7569994
adsb.lol,2024-10-07,200,12906409
globe.adsb.fi,2024-10-08,200,7610660
adsb.lol,2024-10-08,200,12894407
globe.adsb.fi,2024-10-09,200,7349900
adsb.lol,2024-10-09,200,12359013
globe.adsb.fi,2024-10-10,200,7416960
adsb.lol,2024-10-10,200,12581437
globe.adsb.fi,2024-10-11,200,8164567
adsb.lol,2024-10-11,200,13897619
globe.adsb.fi,2024-10-12,200,7585763
adsb.lol,2024-10-12,200,12632630
globe.adsb.fi,2024-10-13,200,7399978
adsb.lol,2024-10-13,200,12703809
globe.adsb.fi,2024-10-14,200,7783611
adsb.lol,2024-10-14,200,13309298
globe.adsb.fi,2024-10-15,200,7912039
adsb.lol,2024-10-15,200,13586296
globe.adsb.fi,2024-10-16,200,7832598
adsb.lol,2024-10-16,200,13432402
globe.adsb.fi,2024-10-17,200,8276867
adsb.lol,2024-10-17,200,14245955
globe.adsb.fi,2024-10-18,200,8112345
adsb.lol,2024-10-18,200,13976568
globe.adsb.fi,2024-10-19,200,7455885
adsb.lol,2024-10-19,200,12803316
globe.adsb.fi,2024-10-20,200,7385562
adsb.lol,2024-10-20,200,12537380
globe.adsb.fi,2024-10-21,200,8046744
adsb.lol,2024-10-21,200,13919196
globe.adsb.fi,2024-10-22,200,8049426
adsb.lol,2024-10-22,200,14001623
globe.adsb.fi,2024-10-23,200,8167072
adsb.lol,2024-10-23,200,14242898
globe.adsb.fi,2024-10-24,200,8358238
adsb.lol,2024-10-24,200,14521287
globe.adsb.fi,2024-10-25,200,8231481
adsb.lol,2024-10-25,200,14144895
globe.adsb.fi,2024-10-26,200,7549417
adsb.lol,2024-10-26,200,12955475
globe.adsb.fi,2024-10-27,200,7563817
adsb.lol,2024-10-27,200,13128843
globe.adsb.fi,2024-10-28,200,7802409
adsb.lol,2024-10-28,200,13560907
globe.adsb.fi,2024-10-29,200,7385986
adsb.lol,2024-10-29,200,12809768
globe.adsb.fi,2024-10-30,200,7340643
adsb.lol,2024-10-30,200,12800317
globe.adsb.fi,2024-10-31,200,7409118
adsb.lol,2024-10-31,200,12853579
globe.adsb.fi,2024-11-01,200,7566816
adsb.lol,2024-11-01,200,13285880
globe.adsb.fi,2024-11-02,200,7021635
adsb.lol,2024-11-02,200,12104599
globe.adsb.fi,2024-11-03,200,6233182
adsb.lol,2024-11-03,200,10683302
globe.adsb.fi,2024-11-04,200,6133881
adsb.lol,2024-11-04,200,10468630
globe.adsb.fi,2024-11-05,200,5643996
adsb.lol,2024-11-05,200,9561909
globe.adsb.fi,2024-11-06,200,5700667
adsb.lol,2024-11-06,200,9695208
globe.adsb.fi,2024-11-07,200,6081803
adsb.lol,2024-11-07,200,10396571
globe.adsb.fi,2024-11-08,200,6373249
adsb.lol,2024-11-08,200,10938160
globe.adsb.fi,2024-11-09,200,5632405
adsb.lol,2024-11-09,200,9671828
globe.adsb.fi,2024-11-10,200,5724625
adsb.lol,2024-11-10,200,9838403
globe.adsb.fi,2024-11-11,200,6223318
adsb.lol,2024-11-11,200,10829556
globe.adsb.fi,2024-11-12,200,5963173
adsb.lol,2024-11-12,200,10353854
globe.adsb.fi,2024-11-13,200,5980522
adsb.lol,2024-11-13,200,10495416
globe.adsb.fi,2024-11-14,200,6335108
adsb.lol,2024-11-14,200,10915924
globe.adsb.fi,2024-11-15,200,6431768
adsb.lol,2024-11-15,200,11098278
globe.adsb.fi,2024-11-16,200,5803254
adsb.lol,2024-11-16,200,9850397
globe.adsb.fi,2024-11-17,200,5896171
adsb.lol,2024-11-17,200,10299596
globe.adsb.fi,2024-11-18,200,6237824
adsb.lol,2024-11-18,200,10865350
globe.adsb.fi,2024-11-19,200,5754244
adsb.lol,2024-11-19,200,9937356
globe.adsb.fi,2024-11-20,200,5831577
adsb.lol,2024-11-20,200,10060226
globe.adsb.fi,2024-11-21,200,6162989
adsb.lol,2024-11-21,200,10660485
globe.adsb.fi,2024-11-22,200,6298915
adsb.lol,2024-11-22,200,10840560
globe.adsb.fi,2024-11-23,200,5841654
adsb.lol,2024-11-23,200,9921590
globe.adsb.fi,2024-11-24,200,5749457
adsb.lol,2024-11-24,200,9817769
globe.adsb.fi,2024-11-25,200,6099206
adsb.lol,2024-11-25,200,10546450
globe.adsb.fi,2024-11-26,200,6190369
adsb.lol,2024-11-26,200,10798811
globe.adsb.fi,2024-11-27,200,5989564
adsb.lol,2024-11-27,200,10151151
globe.adsb.fi,2024-11-28,200,5657636
adsb.lol,2024-11-28,200,9644499
globe.adsb.fi,2024-11-29,200,5709110
adsb.lol,2024-11-29,200,9655943
globe.adsb.fi,2024-11-30,200,6083302
adsb.lol,2024-11-30,200,10198883
globe.adsb.fi,2024-12-01,200,5954751
adsb.lol,2024-12-01,200,10006678
globe.adsb.fi,2024-12-02,200,6041819
adsb.lol,2024-12-02,200,10410617
globe.adsb.fi,2024-12-03,200,5823654
adsb.lol,2024-12-03,200,9778202
globe.adsb.fi,2024-12-04,200,5667847
adsb.lol,2024-12-04,200,9967250
globe.adsb.fi,2024-12-05,200,5757827
adsb.lol,2024-12-05,200,9944166
globe.adsb.fi,2024-12-06,200,5957361
adsb.lol,2024-12-06,200,10107876
globe.adsb.fi,2024-12-07,200,5251559
adsb.lol,2024-12-07,200,8752709
globe.adsb.fi,2024-12-08,200,5438455
adsb.lol,2024-12-08,200,9173877
globe.adsb.fi,2024-12-09,200,5715692
adsb.lol,2024-12-09,200,9881695
globe.adsb.fi,2024-12-10,200,5425123
adsb.lol,2024-12-10,200,9083345
globe.adsb.fi,2024-12-11,200,5602739
adsb.lol,2024-12-11,200,9476572
globe.adsb.fi,2024-12-12,200,5933201
adsb.lol,2024-12-12,200,9995117
globe.adsb.fi,2024-12-13,200,6085810
adsb.lol,2024-12-13,200,10305517
globe.adsb.fi,2024-12-14,200,5696729
adsb.lol,2024-12-14,200,9562503
globe.adsb.fi,2024-12-15,200,5488026
adsb.lol,2024-12-15,200,9170755
globe.adsb.fi,2024-12-16,200,5927611
adsb.lol,2024-12-16,200,9989703
globe.adsb.fi,2024-12-17,200,5801338
adsb.lol,2024-12-17,200,9667529
globe.adsb.fi,2024-12-18,200,5897355
adsb.lol,2024-12-18,200,9863179
globe.adsb.fi,2024-12-19,200,6490416
adsb.lol,2024-12-19,200,10882780
globe.adsb.fi,2024-12-20,200,6632672
adsb.lol,2024-12-20,200,10984577
globe.adsb.fi,2024-12-21,200,6110196
adsb.lol,2024-12-21,200,10094483
globe.adsb.fi,2024-12-22,200,5851546
adsb.lol,2024-12-22,200,9778305
globe.adsb.fi,2024-12-23,200,6086161
adsb.lol,2024-12-23,200,10293772
globe.adsb.fi,2024-12-24,200,4994375
adsb.lol,2024-12-24,200,8429304
globe.adsb.fi,2024-12-25,200,3925478
adsb.lol,2024-12-25,200,6560167
globe.adsb.fi,2024-12-26,200,5833299
adsb.lol,2024-12-26,200,9860180
globe.adsb.fi,2024-12-27,200,6200926
adsb.lol,2024-12-27,200,10427849
globe.adsb.fi,2024-12-28,200,5897950
adsb.lol,2024-12-28,200,9836629
globe.adsb.fi,2024-12-29,200,5685132
adsb.lol,2024-12-29,200,9409254
globe.adsb.fi,2024-12-30,200,5841392
adsb.lol,2024-12-30,200,9738566
globe.adsb.fi,2024-12-31,200,5321092
adsb.lol,2024-12-31,200,8851191
globe.adsb.fi,2025-01-01,200,4764420
adsb.lol,2025-01-01,200,7990461
globe.adsb.fi,2025-01-02,200,6365294
adsb.lol,2025-01-02,200,10654484
globe.adsb.fi,2025-01-03,200,6488481
adsb.lol,2025-01-03,200,11242108
globe.adsb.fi,2025-01-04,200,6346648
adsb.lol,2025-01-04,200,11032573
globe.adsb.fi,2025-01-05,200,5778281
adsb.lol,2025-01-05,200,9992219
globe.adsb.fi,2025-01-06,200,5364559
adsb.lol,2025-01-06,200,9223558
globe.adsb.fi,2025-01-07,200,5325722
adsb.lol,2025-01-07,200,9232076
globe.adsb.fi,2025-01-08,200,5427481
adsb.lol,2025-01-08,200,9614276
globe.adsb.fi,2025-01-09,200,5562765
adsb.lol,2025-01-09,200,9684438
globe.adsb.fi,2025-01-10,200,5607214
adsb.lol,2025-01-10,200,9590226
globe.adsb.fi,2025-01-11,200,5009478
adsb.lol,2025-01-11,200,8430327
globe.adsb.fi,2025-01-12,200,5591341
adsb.lol,2025-01-12,200,9577770
globe.adsb.fi,2025-01-13,200,5572805
adsb.lol,2025-01-13,200,9764211
globe.adsb.fi,2025-01-14,200,5343017
adsb.lol,2025-01-14,200,9137173
globe.adsb.fi,2025-01-15,200,5213090
adsb.lol,2025-01-15,200,9143867
globe.adsb.fi,2025-01-16,200,5605660
adsb.lol,2025-01-16,200,9731023
globe.adsb.fi,2025-01-17,200,5712815
adsb.lol,2025-01-17,200,10097947
globe.adsb.fi,2025-01-18,200,5243084
adsb.lol,2025-01-18,200,9029589
globe.adsb.fi,2025-01-19,200,5200858
adsb.lol,2025-01-19,200,8903107
globe.adsb.fi,2025-01-20,200,5252522
adsb.lol,2025-01-20,200,9137323
globe.adsb.fi,2025-01-21,200,4976228
adsb.lol,2025-01-21,200,8445093
globe.adsb.fi,2025-01-22,200,4853495
adsb.lol,2025-01-22,200,8431576
globe.adsb.fi,2025-01-23,200,5238504
adsb.lol,2025-01-23,200,8984278
globe.adsb.fi,2025-01-24,200,5578002
adsb.lol,2025-01-24,200,9595574
globe.adsb.fi,2025-01-25,200,5664592
adsb.lol,2025-01-25,200,9909419
globe.adsb.fi,2025-01-26,200,5414411
adsb.lol,2025-01-26,200,9383167
globe.adsb.fi,2025-01-27,200,5494040
adsb.lol,2025-01-27,200,9587435
globe.adsb.fi,2025-01-28,200,5281835
adsb.lol,2025-01-28,200,9220243
globe.adsb.fi,2025-01-29,200,5462147
adsb.lol,2025-01-29,200,9557403
globe.adsb.fi,2025-01-30,200,5753160
adsb.lol,2025-01-30,200,10228751
globe.adsb.fi,2025-01-31,200,5735679
adsb.lol,2025-01-31,200,10136122
globe.adsb.fi,2025-02-01,200,5529011
adsb.lol,2025-02-01,200,9619905
globe.adsb.fi,2025-02-02,200,5908165
adsb.lol,2025-02-02,200,10445986
globe.adsb.fi,2025-02-03,200,5456994
adsb.lol,2025-02-03,200,9709789
globe.adsb.fi,2025-02-04,200,5354967
adsb.lol,2025-02-04,200,9423240
globe.adsb.fi,2025-02-05,200,5693977
adsb.lol,2025-02-05,200,10193909
globe.adsb.fi,2025-02-06,200,5622081
adsb.lol,2025-02-06,200,10024657
globe.adsb.fi,2025-02-07,200,5923963
adsb.lol,2025-02-07,200,10456894
globe.adsb.fi,2025-02-08,200,5506058
adsb.lol,2025-02-08,200,9552698
globe.adsb.fi,2025-02-09,200,5336473
adsb.lol,2025-02-09,200,9221557
globe.adsb.fi,2025-02-10,200,5825899
adsb.lol,2025-02-10,200,10153215
globe.adsb.fi,2025-02-11,200,5400559
adsb.lol,2025-02-11,200,9275107
globe.adsb.fi,2025-02-12,200,5404071
adsb.lol,2025-02-12,200,9309637
globe.adsb.fi,2025-02-13,200,5784093
adsb.lol,2025-02-13,200,10017255
globe.adsb.fi,2025-02-14,200,6545029
adsb.lol,2025-02-14,200,11487465
globe.adsb.fi,2025-02-15,200,5969102
adsb.lol,2025-02-15,200,10283119
globe.adsb.fi,2025-02-16,200,5698367
adsb.lol,2025-02-16,200,9743606
globe.adsb.fi,2025-02-17,200,6181583
adsb.lol,2025-02-17,200,10658534
globe.adsb.fi,2025-02-18,200,6179716
adsb.lol,2025-02-18,200,10767637
globe.adsb.fi,2025-02-19,200,5963944
adsb.lol,2025-02-19,200,10367666
globe.adsb.fi,2025-02-20,200,6009908
adsb.lol,2025-02-20,200,10549666
globe.adsb.fi,2025-02-21,200,6365160
adsb.lol,2025-02-21,200,11257648
globe.adsb.fi,2025-02-22,200,6250633
adsb.lol,2025-02-22,200,11096663
globe.adsb.fi,2025-02-23,200,6016485
adsb.lol,2025-02-23,200,10541678
globe.adsb.fi,2025-02-24,200,6186033
adsb.lol,2025-02-24,200,10864770
globe.adsb.fi,2025-02-25,200,5942717
adsb.lol,2025-02-25,200,10596482
globe.adsb.fi,2025-02-26,200,6026877
adsb.lol,2025-02-26,200,10682153
globe.adsb.fi,2025-02-27,200,6489856
adsb.lol,2025-02-27,200,11385829
globe.adsb.fi,2025-02-28,200,6681334
adsb.lol,2025-02-28,200,11794978
globe.adsb.fi,2025-03-01,200,6295694
adsb.lol,2025-03-01,200,11079028
globe.adsb.fi,2025-03-02,200,6512019
adsb.lol,2025-03-02,200,11496566
globe.adsb.fi,2025-03-03,200,6545870
adsb.lol,2025-03-03,200,11676642
globe.adsb.fi,2025-03-04,200,6278088
adsb.lol,2025-03-04,200,11184079
globe.adsb.fi,2025-03-05,200,6104095
adsb.lol,2025-03-05,200,10866944
globe.adsb.fi,2025-03-06,200,6731788
adsb.lol,2025-03-06,200,11995847
globe.adsb.fi,2025-03-07,200,6925269
adsb.lol,2025-03-07,200,12281209
globe.adsb.fi,2025-03-08,200,6733465
adsb.lol,2025-03-08,200,11786190
globe.adsb.fi,2025-03-09,200,7628405
adsb.lol,2025-03-09,200,13473845
globe.adsb.fi,2025-03-10,200,7675461
adsb.lol,2025-03-10,200,13586660
globe.adsb.fi,2025-03-11,200,7733919
adsb.lol,2025-03-11,200,13967185
globe.adsb.fi,2025-03-12,200,8056595
adsb.lol,2025-03-12,200,14538528
globe.adsb.fi,2025-03-13,200,8120222
adsb.lol,2025-03-13,200,14525323
globe.adsb.fi,2025-03-14,200,8067656
adsb.lol,2025-03-14,200,14327108
globe.adsb.fi,2025-03-15,200,7356699
adsb.lol,2025-03-15,200,13047226
globe.adsb.fi,2025-03-16,200,7207240
adsb.lol,2025-03-16,200,12840727
globe.adsb.fi,2025-03-17,200,7664328
adsb.lol,2025-03-17,200,13694788
globe.adsb.fi,2025-03-18,200,8258196
adsb.lol,2025-03-18,200,15044852
globe.adsb.fi,2025-03-19,200,8219405
adsb.lol,2025-03-19,200,14917524
globe.adsb.fi,2025-03-20,200,8350611
adsb.lol,2025-03-20,200,15042867
globe.adsb.fi,2025-03-21,200,8230688
adsb.lol,2025-03-21,200,14748945
globe.adsb.fi,2025-03-22,200,7878676
adsb.lol,2025-03-22,200,14235134
globe.adsb.fi,2025-03-23,200,7500767
adsb.lol,2025-03-23,200,13464171
globe.adsb.fi,2025-03-24,200,7684271
adsb.lol,2025-03-24,200,13860990
globe.adsb.fi,2025-03-25,200,7778650
adsb.lol,2025-03-25,200,14039356
globe.adsb.fi,2025-03-26,200,8122094
adsb.lol,2025-03-26,200,14940894
globe.adsb.fi,2025-03-27,200,8503211
adsb.lol,2025-03-27,200,15451347
globe.adsb.fi,2025-03-28,200,8248725
adsb.lol,2025-03-28,200,15025832
globe.adsb.fi,2025-03-29,200,7706931
adsb.lol,2025-03-29,200,13972591
globe.adsb.fi,2025-03-30,200,7178816
adsb.lol,2025-03-30,200,12753394
globe.adsb.fi,2025-03-31,200,7540470
adsb.lol,2025-03-31,200,13639678
globe.adsb.fi,2025-04-01,200,7998376
adsb.lol,2025-04-01,200,14493745
globe.adsb.fi,2025-04-02,200,7884414
adsb.lol,2025-04-02,200,14133932
globe.adsb.fi,2025-04-03,200,8113872
adsb.lol,2025-04-03,200,14574491
globe.adsb.fi,2025-04-04,200,8719008
adsb.lol,2025-04-04,200,15668706
globe.adsb.fi,2025-04-05,200,7709689
adsb.lol,2025-04-05,200,13719211
globe.adsb.fi,2025-04-06,200,7941123
adsb.lol,2025-04-06,200,14215204
globe.adsb.fi,2025-04-07,200,8190435
adsb.lol,2025-04-07,200,14604616
globe.adsb.fi,2025-04-08,200,8548503
adsb.lol,2025-04-08,200,15360798
globe.adsb.fi,2025-04-09,200,8846462
adsb.lol,2025-04-09,200,16194327
globe.adsb.fi,2025-04-10,200,9003221
adsb.lol,2025-04-10,200,16264558
globe.adsb.fi,2025-04-11,200,8689029
adsb.lol,2025-04-11,200,15751577
globe.adsb.fi,2025-04-12,200,8427031
adsb.lol,2025-04-12,200,15191452
globe.adsb.fi,2025-04-13,200,7780673
adsb.lol,2025-04-13,200,13907082
globe.adsb.fi,2025-04-14,200,8622754
adsb.lol,2025-04-14,200,15416708
globe.adsb.fi,2025-04-15,200,8181405
adsb.lol,2025-04-15,200,14476601
globe.adsb.fi,2025-04-16,200,8741279
adsb.lol,2025-04-16,200,15587219
globe.adsb.fi,2025-04-17,200,9071257
adsb.lol,2025-04-17,200,16387372
globe.adsb.fi,2025-04-18,200,8566254
adsb.lol,2025-04-18,200,15273123
globe.adsb.fi,2025-04-19,200,7745215
adsb.lol,2025-04-19,200,13767373
globe.adsb.fi,2025-04-20,200,7445879
adsb.lol,2025-04-20,200,13674677
globe.adsb.fi,2025-04-21,200,8376612
adsb.lol,2025-04-21,200,15621327
globe.adsb.fi,2025-04-22,200,8563436
adsb.lol,2025-04-22,200,16014717
globe.adsb.fi,2025-04-23,200,8470647
adsb.lol,2025-04-23,200,15831373
globe.adsb.fi,2025-04-24,200,8696524
adsb.lol,2025-04-24,200,16171865
globe.adsb.fi,2025-04-25,200,8609552
adsb.lol,2025-04-25,200,16059753
globe.adsb.fi,2025-04-26,200,8112732
adsb.lol,2025-04-26,200,14943221
globe.adsb.fi,2025-04-27,200,8497854
adsb.lol,2025-04-27,200,15834892
globe.adsb.fi,2025-04-28,200,8512448
adsb.lol,2025-04-28,200,15830576
globe.adsb.fi,2025-04-29,200,8532578
adsb.lol,2025-04-29,200,16344478
globe.adsb.fi,2025-04-30,200,9064357
adsb.lol,2025-04-30,200,17266064
globe.adsb.fi,2025-05-01,200,9200319
adsb.lol,2025-05-01,200,17642715
globe.adsb.fi,2025-05-02,200,8677000
adsb.lol,2025-05-02,200,16484938
globe.adsb.fi,2025-05-03,200,7864266
adsb.lol,2025-05-03,200,14940945
globe.adsb.fi,2025-05-04,200,7944036
adsb.lol,2025-05-04,200,14942382
globe.adsb.fi,2025-05-05,200,8297921
adsb.lol,2025-05-05,200,15753858
globe.adsb.fi,2025-05-06,200,8139209
adsb.lol,2025-05-06,200,15327160
globe.adsb.fi,2025-05-07,200,8544605
adsb.lol,2025-05-07,200,16285276
globe.adsb.fi,2025-05-08,200,9068233
adsb.lol,2025-05-08,200,17316736
globe.adsb.fi,2025-05-09,200,8909706
adsb.lol,2025-05-09,200,17036828
globe.adsb.fi,2025-05-10,200,8792257
adsb.lol,2025-05-10,200,16663987
globe.adsb.fi,2025-05-11,200,8478244
adsb.lol,2025-05-11,200,16016901
globe.adsb.fi,2025-05-12,200,8556136
adsb.lol,2025-05-12,200,16401362
globe.adsb.fi,2025-05-13,200,8460783
adsb.lol,2025-05-13,200,16327681
globe.adsb.fi,2025-05-14,200,8762910
adsb.lol,2025-05-14,200,16774589
globe.adsb.fi,2025-05-15,200,9019405
adsb.lol,2025-05-15,200,17321569
globe.adsb.fi,2025-05-16,200,9145061
adsb.lol,2025-05-16,200,17597091
globe.adsb.fi,2025-05-17,200,8429873
adsb.lol,2025-05-17,200,16019904
globe.adsb.fi,2025-05-18,200,8601059
adsb.lol,2025-05-18,200,16288973
globe.adsb.fi,2025-05-19,200,8828723
adsb.lol,2025-05-19,200,16854974
globe.adsb.fi,2025-05-20,200,8893574
adsb.lol,2025-05-20,200,17249648
globe.adsb.fi,2025-05-21,200,8584630
adsb.lol,2025-05-21,200,16571595
globe.adsb.fi,2025-05-22,200,9004301
adsb.lol,2025-05-22,200,17229372
globe.adsb.fi,2025-05-23,200,9393942
adsb.lol,2025-05-23,200,17886876
globe.adsb.fi,2025-05-24,200,8347587
adsb.lol,2025-05-24,200,15809012
globe.adsb.fi,2025-05-25,200,7662451
adsb.lol,2025-05-25,200,14640647
globe.adsb.fi,2025-05-26,200,8104949
adsb.lol,2025-05-26,200,15580060
globe.adsb.fi,2025-05-27,200,8330775
adsb.lol,2025-05-27,200,16075158
globe.adsb.fi,2025-05-28,200,8604646
adsb.lol,2025-05-28,200,16613770
globe.adsb.fi,2025-05-29,200,8668146
adsb.lol,2025-05-29,200,16741569
globe.adsb.fi,2025-05-30,200,9004259
adsb.lol,2025-05-30,200,17550568
globe.adsb.fi,2025-05-31,200,8389209
adsb.lol,2025-05-31,200,16423535
globe.adsb.fi,2025-06-01,200,8502403
adsb.lol,2025-06-01,200,16383414
globe.adsb.fi,2025-06-02,200,9241933
adsb.lol,2025-06-02,200,17911193
globe.adsb.fi,2025-06-03,200,9008897
adsb.lol,2025-06-03,200,17503666
globe.adsb.fi,2025-06-04,200,8785798
adsb.lol,2025-06-04,200,16960727
globe.adsb.fi,2025-06-05,200,9014784
adsb.lol,2025-06-05,200,17387408
globe.adsb.fi,2025-06-06,200,9141006
adsb.lol,2025-06-06,200,17396637
globe.adsb.fi,2025-06-07,200,8201820
adsb.lol,2025-06-07,200,15616694
globe.adsb.fi,2025-06-08,200,8081166
adsb.lol,2025-06-08,200,15446513
globe.adsb.fi,2025-06-09,200,9172521
adsb.lol,2025-06-09,200,17689240
globe.adsb.fi,2025-06-10,200,8880720
adsb.lol,2025-06-10,200,17175949
globe.adsb.fi,2025-06-11,200,9650402
adsb.lol,2025-06-11,200,18827493
globe.adsb.fi,2025-06-12,200,9673366
adsb.lol,2025-06-12,200,18640788
globe.adsb.fi,2025-06-13,200,9522863
adsb.lol,2025-06-13,200,18371496
globe.adsb.fi,2025-06-14,200,8558953
adsb.lol,2025-06-14,200,16497327
globe.adsb.fi,2025-06-15,200,8570041
adsb.lol,2025-06-15,200,16492598
globe.adsb.fi,2025-06-16,200,9199572
adsb.lol,2025-06-16,200,17912290
globe.adsb.fi,2025-06-17,200,9109484
adsb.lol,2025-06-17,200,17956614
globe.adsb.fi,2025-06-18,200,9165446
adsb.lol,2025-06-18,200,18066394
globe.adsb.fi,2025-06-19,200,9642464
adsb.lol,2025-06-19,200,18949409
globe.adsb.fi,2025-06-20,200,9741901
adsb.lol,2025-06-20,200,18948665
globe.adsb.fi,2025-06-21,200,9368972
adsb.lol,2025-06-21,200,18117329
globe.adsb.fi,2025-06-22,200,8880007
adsb.lol,2025-06-22,200,17257150
globe.adsb.fi,2025-06-23,200,9400830
adsb.lol,2025-06-23,200,18182919
globe.adsb.fi,2025-06-24,200,9633235
adsb.lol,2025-06-24,200,18350026
globe.adsb.fi,2025-06-25,200,9650648
adsb.lol,2025-06-25,200,18979341
globe.adsb.fi,2025-06-26,200,9569626
adsb.lol,2025-06-26,200,18600326
globe.adsb.fi,2025-06-27,200,9431931
adsb.lol,2025-06-27,200,18318984
globe.adsb.fi,2025-06-28,200,8889110
adsb.lol,2025-06-28,200,17186352
globe.adsb.fi,2025-06-29,200,9028708
adsb.lol,2025-06-29,200,17633734
globe.adsb.fi,2025-06-30,200,9351912
adsb.lol,2025-06-30,200,18021043
globe.adsb.fi,2025-07-01,200,9461056
adsb.lol,2025-07-01,200,18233599
globe.adsb.fi,2025-07-02,200,9391555
adsb.lol,2025-07-02,200,18163954
globe.adsb.fi,2025-07-03,200,9667868
adsb.lol,2025-07-03,200,18786147
globe.adsb.fi,2025-07-04,200,9007271
adsb.lol,2025-07-04,200,17373388
globe.adsb.fi,2025-07-05,200,8578320
adsb.lol,2025-07-05,200,16501611
globe.adsb.fi,2025-07-06,200,8642489
adsb.lol,2025-07-06,200,16474940
globe.adsb.fi,2025-07-07,200,9124648
adsb.lol,2025-07-07,200,17643750
globe.adsb.fi,2025-07-08,200,9788903
adsb.lol,2025-07-08,200,18993982
globe.adsb.fi,2025-07-09,200,9734376
adsb.lol,2025-07-09,200,18811536
globe.adsb.fi,2025-07-10,200,10056110
adsb.lol,2025-07-10,200,19403501
globe.adsb.fi,2025-07-11,200,9911534
adsb.lol,2025-07-11,200,19150976
globe.adsb.fi,2025-07-12,200,9327521
adsb.lol,2025-07-12,200,18033082
globe.adsb.fi,2025-07-13,200,9097548
adsb.lol,2025-07-13,200,17482077
globe.adsb.fi,2025-07-14,200,9231758
adsb.lol,2025-07-14,200,17675848
globe.adsb.fi,2025-07-15,200,9257882
adsb.lol,2025-07-15,200,17840714
globe.adsb.fi,2025-07-16,200,9852309
adsb.lol,2025-07-16,200,18967837
globe.adsb.fi,2025-07-17,200,9938911
adsb.lol,2025-07-17,200,19094359
globe.adsb.fi,2025-07-18,200,10605981
adsb.lol,2025-07-18,200,20534135
globe.adsb.fi,2025-07-19,200,9367851
adsb.lol,2025-07-19,200,17958227
globe.adsb.fi,2025-07-20,200,8985778
adsb.lol,2025-07-20,200,17107680
globe.adsb.fi,2025-07-21,200,9972790
adsb.lol,2025-07-21,200,19238249
globe.adsb.fi,2025-07-22,200,9867938
adsb.lol,2025-07-22,200,18909743
globe.adsb.fi,2025-07-23,200,10045724
adsb.lol,2025-07-23,200,19334729
globe.adsb.fi,2025-07-24,200,10359595
adsb.lol,2025-07-24,200,20263419
globe.adsb.fi,2025-07-25,200,9934075
adsb.lol,2025-07-25,200,19247473
globe.adsb.fi,2025-07-26,200,9489560
adsb.lol,2025-07-26,200,18153765
globe.adsb.fi,2025-07-27,200,8743566
adsb.lol,2025-07-27,200,16666413
globe.adsb.fi,2025-07-28,200,9559130
adsb.lol,2025-07-28,200,18422226
globe.adsb.fi,2025-07-29,200,9740641
adsb.lol,2025-07-29,200,18769533
globe.adsb.fi,2025-07-30,200,9934433
adsb.lol,2025-07-30,200,19232809
globe.adsb.fi,2025-07-31,200,9604678
adsb.lol,2025-07-31,200,18561441
globe.adsb.fi,2025-08-01,200,9266900
adsb.lol,2025-08-01,200,17691718
globe.adsb.fi,2025-08-02,200,9219091
adsb.lol,2025-08-02,200,17680147
globe.adsb.fi,2025-08-03,200,8927550
adsb.lol,2025-08-03,200,16951736
globe.adsb.fi,2025-08-04,200,9270017
adsb.lol,2025-08-04,200,17787848
globe.adsb.fi,2025-08-05,200,9528564
adsb.lol,2025-08-05,200,18374911
globe.adsb.fi,2025-08-06,200,9845311
adsb.lol,2025-08-06,200,19007988
globe.adsb.fi,2025-08-07,200,9944188
adsb.lol,2025-08-07,200,19323146
globe.adsb.fi,2025-08-08,200,9917145
adsb.lol,2025-08-08,200,19101556
globe.adsb.fi,2025-08-09,200,9388017
adsb.lol,2025-08-09,200,18097841
globe.adsb.fi,2025-08-10,200,9535626
adsb.lol,2025-08-10,200,18332223
globe.adsb.fi,2025-08-11,200,9666386
adsb.lol,2025-08-11,200,18598642
globe.adsb.fi,2025-08-12,200,9280575
adsb.lol,2025-08-12,200,17999105
globe.adsb.fi,2025-08-13,200,9428158
adsb.lol,2025-08-13,200,18244265
globe.adsb.fi,2025-08-14,200,9861137
adsb.lol,2025-08-14,200,19028511
globe.adsb.fi,2025-08-15,200,10134227
adsb.lol,2025-08-15,200,19671943
globe.adsb.fi,2025-08-16,200,9056896
adsb.lol,2025-08-16,200,17334237
globe.adsb.fi,2025-08-17,200,8893702
adsb.lol,2025-08-17,200,17084599
globe.adsb.fi,2025-08-18,200,9566529
adsb.lol,2025-08-18,200,18523300
globe.adsb.fi,2025-08-19,200,9331808
adsb.lol,2025-08-19,200,18178347
globe.adsb.fi,2025-08-20,200,9197075
adsb.lol,2025-08-20,200,17839647
globe.adsb.fi,2025-08-21,200,9709690
adsb.lol,2025-08-21,200,18820660
globe.adsb.fi,2025-08-22,200,9754069
adsb.lol,2025-08-22,200,18954379
globe.adsb.fi,2025-08-23,200,9125414
adsb.lol,2025-08-23,200,17666208
globe.adsb.fi,2025-08-24,200,9446172
adsb.lol,2025-08-24,200,18374066
globe.adsb.fi,2025-08-25,200,9668642
adsb.lol,2025-08-25,200,18871838
globe.adsb.fi,2025-08-26,200,9651622
adsb.lol,2025-08-26,200,18889672
globe.adsb.fi,2025-08-27,200,9632535
adsb.lol,2025-08-27,200,19022289
globe.adsb.fi,2025-08-28,200,9525278
adsb.lol,2025-08-28,200,18707852
globe.adsb.fi,2025-08-29,200,9350149
adsb.lol,2025-08-29,200,18200498
globe.adsb.fi,2025-08-30,200,8791715
adsb.lol,2025-08-30,200,17095680
globe.adsb.fi,2025-08-31,200,8192377
adsb.lol,2025-08-31,200,15892176
globe.adsb.fi,2025-09-01,200,8361590
adsb.lol,2025-09-01,200,16134916
globe.adsb.fi,2025-09-02,200,9012715
adsb.lol,2025-09-02,200,17564480
globe.adsb.fi,2025-09-03,200,9134573
adsb.lol,2025-09-03,200,17856307
globe.adsb.fi,2025-09-04,200,9428175
adsb.lol,2025-09-04,200,18478177
globe.adsb.fi,2025-09-05,200,9558327
adsb.lol,2025-09-05,200,18687963
globe.adsb.fi,2025-09-06,200,9219117
adsb.lol,2025-09-06,200,18061485
globe.adsb.fi,2025-09-07,200,8656016
adsb.lol,2025-09-07,200,16809880
globe.adsb.fi,2025-09-08,200,9476987
adsb.lol,2025-09-08,200,18507001
globe.adsb.fi,2025-09-09,200,9090282
adsb.lol,2025-09-09,200,17902846
globe.adsb.fi,2025-09-10,200,8868914
adsb.lol,2025-09-10,200,17473545
globe.adsb.fi,2025-09-11,200,9397257
adsb.lol,2025-09-11,200,18521921
globe.adsb.fi,2025-09-12,200,9492185
adsb.lol,2025-09-12,200,18661562
globe.adsb.fi,2025-09-13,200,8620812
adsb.lol,2025-09-13,200,16890275
globe.adsb.fi,2025-09-14,200,8698925
adsb.lol,2025-09-14,200,16996152
globe.adsb.fi,2025-09-15,200,9079874
adsb.lol,2025-09-15,200,17981189
globe.adsb.fi,2025-09-16,200,9183490
adsb.lol,2025-09-16,200,18285407
globe.adsb.fi,2025-09-17,200,9107102
adsb.lol,2025-09-17,200,17859755
globe.adsb.fi,2025-09-18,200,9558523
adsb.lol,2025-09-18,200,18771920
globe.adsb.fi,2025-09-19,200,9913623
adsb.lol,2025-09-19,200,19442417
globe.adsb.fi,2025-09-20,200,8535793
adsb.lol,2025-09-20,200,16793710
globe.adsb.fi,2025-09-21,200,8671234
adsb.lol,2025-09-21,200,16906176
globe.adsb.fi,2025-09-22,200,9061875
adsb.lol,2025-09-22,200,17761231
globe.adsb.fi,2025-09-23,200,8711215
adsb.lol,2025-09-23,200,17149351
globe.adsb.fi,2025-09-24,200,8580162
adsb.lol,2025-09-24,200,16970423
globe.adsb.fi,2025-09-25,200,9112352
adsb.lol,2025-09-25,200,18022444
globe.adsb.fi,2025-09-26,200,9249429
adsb.lol,2025-09-26,200,18195057
globe.adsb.fi,2025-09-27,200,8672380
adsb.lol,2025-09-27,200,17008722
globe.adsb.fi,2025-09-28,200,8690336
adsb.lol,2025-09-28,200,16596527
globe.adsb.fi,2025-09-29,200,9369938
adsb.lol,2025-09-29,200,18095469
globe.adsb.fi,2025-09-30,200,8903165
adsb.lol,2025-09-30,200,17325373
globe.adsb.fi,2025-10-01,200,9498310
adsb.lol,2025-10-01,200,18594802
globe.adsb.fi,2025-10-02,200,9633346
adsb.lol,2025-10-02,200,18708554
globe.adsb.fi,2025-10-03,200,9368798
adsb.lol,2025-10-03,200,18466792
globe.adsb.fi,2025-10-04,200,8102861
adsb.lol,2025-10-04,200,15914569
globe.adsb.fi,2025-10-05,200,8234049
adsb.lol,2025-10-05,200,16040026
globe.adsb.fi,2025-10-06,200,8914730
adsb.lol,2025-10-06,200,17468616
globe.adsb.fi,2025-10-07,200,8738309
adsb.lol,2025-10-07,200,17165398
globe.adsb.fi,2025-10-08,200,8917429
adsb.lol,2025-10-08,200,17615326
globe.adsb.fi,2025-10-09,200,9577671
adsb.lol,2025-10-09,200,18885499
globe.adsb.fi,2025-10-10,200,9113405
adsb.lol,2025-10-10,200,17881183
globe.adsb.fi,2025-10-11,200,8268447
adsb.lol,2025-10-11,200,16067231
globe.adsb.fi,2025-10-12,200,8198708
adsb.lol,2025-10-12,403,
globe.adsb.fi,2025-10-13,200,8724264
adsb.lol,2025-10-13,403,
globe.adsb.fi,2025-10-14,200,8674104
adsb.lol,2025-10-14,403,
globe.adsb.fi,2025-10-15,200,9086577
adsb.lol,2025-10-15,403,
globe.adsb.fi,2025-10-16,200,9419344
adsb.lol,2025-10-16,403,
globe.adsb.fi,2025-10-17,200,9688571
adsb.lol,2025-10-17,403,
globe.adsb.fi,2025-10-18,200,9187435
adsb.lol,2025-10-18,403,
globe.adsb.fi,2025-10-19,200,8609528
adsb.lol,2025-10-19,403,
globe.adsb.fi,2025-10-20,200,8875510
adsb.lol,2025-10-20,403,
globe.adsb.fi,2025-10-21,200,8778913
adsb.lol,2025-10-21,403,
globe.adsb.fi,2025-10-22,200,8998218
adsb.lol,2025-10-22,403,
globe.adsb.fi,2025-10-23,200,8993862
adsb.lol,2025-10-23,403,
globe.adsb.fi,2025-10-24,200,9250036
adsb.lol,2025-10-24,403,
globe.adsb.fi,2025-10-25,200,8264086
adsb.lol,2025-10-25,403,
globe.adsb.fi,2025-10-26,200,8062171
adsb.lol,2025-10-26,403,
globe.adsb.fi,2025-10-27,200,8402469
adsb.lol,2025-10-27,403,
globe.adsb.fi,2025-10-28,200,8144707
adsb.lol,2025-10-28,403,
globe.adsb.fi,2025-10-29,200,8562000
adsb.lol,2025-10-29,403,
globe.adsb.fi,2025-10-30,200,8696592
adsb.lol,2025-10-30,403,
globe.adsb.fi,2025-10-31,200,8881788
adsb.lol,2025-10-31,403,
globe.adsb.fi,2025-11-01,200,8061856
adsb.lol,2025-11-01,403,
globe.adsb.fi,2025-11-02,200,7194460
adsb.lol,2025-11-02,403,
globe.adsb.fi,2025-11-03,200,7148986
adsb.lol,2025-11-03,403,
globe.adsb.fi,2025-11-04,200,7160999
adsb.lol,2025-11-04,403,
globe.adsb.fi,2025-11-05,200,7363520
adsb.lol,2025-11-05,403,
globe.adsb.fi,2025-11-06,200,7595100
adsb.lol,2025-11-06,403,
globe.adsb.fi,2025-11-07,200,7344528
adsb.lol,2025-11-07,403,
globe.adsb.fi,2025-11-08,200,6728602
adsb.lol,2025-11-08,403,
globe.adsb.fi,2025-11-09,200,6527453
adsb.lol,2025-11-09,403,
globe.adsb.fi,2025-11-10,200,6571099
adsb.lol,2025-11-10,403,
globe.adsb.fi,2025-11-11,200,6424798
adsb.lol,2025-11-11,403,
globe.adsb.fi,2025-11-12,200,7068184
adsb.lol,2025-11-12,403,
globe.adsb.fi,2025-11-13,200,7666502
adsb.lol,2025-11-13,403,
globe.adsb.fi,2025-11-14,200,7496990
adsb.lol,2025-11-14,403,
globe.adsb.fi,2025-11-15,200,6631969
adsb.lol,2025-11-15,403,
globe.adsb.fi,2025-11-16,200,6809967
adsb.lol,2025-11-16,403,
globe.adsb.fi,2025-11-17,200,7129133
adsb.lol,2025-11-17,403,
globe.adsb.fi,2025-11-18,200,6933118
adsb.lol,2025-11-18,403,
globe.adsb.fi,2025-11-19,200,6801052
adsb.lol,2025-11-19,403,
globe.adsb.fi,2025-11-20,200,7278062
adsb.lol,2025-11-20,403,
globe.adsb.fi,2025-11-21,200,7588874
adsb.lol,2025-11-21,403,
globe.adsb.fi,2025-11-22,200,6839911
adsb.lol,2025-11-22,403,
globe.adsb.fi,2025-11-23,200,6753995
adsb.lol,2025-11-23,403,
globe.adsb.fi,2025-11-24,200,6700350
adsb.lol,2025-11-24,403,
globe.adsb.fi,2025-11-25,200,6976954
adsb.lol,2025-11-25,403,
globe.adsb.fi,2025-11-26,200,6848967
adsb.lol,2025-11-26,403,
globe.adsb.fi,2025-11-27,200,6345352
adsb.lol,2025-11-27,403,
globe.adsb.fi,2025-11-28,200,6515803
adsb.lol,2025-11-28,403,
globe.adsb.fi,2025-11-29,200,6502322
adsb.lol,2025-11-29,403,
globe.adsb.fi,2025-11-30,200,6828190
adsb.lol,2025-11-30,403,
globe.adsb.fi,2025-12-01,200,6903034
adsb.lol,2025-12-01,403,
globe.adsb.fi,2025-12-02,200,6390777
adsb.lol,2025-12-02,403,
globe.adsb.fi,2025-12-03,200,6657159
adsb.lol,2025-12-03,403,
globe.adsb.fi,2025-12-04,200,6816589
adsb.lol,2025-12-04,403,
globe.adsb.fi,2025-12-05,200,6759543
adsb.lol,2025-12-05,403,
globe.adsb.fi,2025-12-06,200,6087938
adsb.lol,2025-12-06,403,
globe.adsb.fi,2025-12-07,200,6194570
adsb.lol,2025-12-07,403,
globe.adsb.fi,2025-12-08,200,6820051
adsb.lol,2025-12-08,403,
globe.adsb.fi,2025-12-09,200,6599933
adsb.lol,2025-12-09,403,
globe.adsb.fi,2025-12-10,200,6920319
adsb.lol,2025-12-10,403,
globe.adsb.fi,2025-12-11,200,7204244
adsb.lol,2025-12-11,403,
globe.adsb.fi,2025-12-12,200,7217078
adsb.lol,2025-12-12,403,
globe.adsb.fi,2025-12-13,200,6791621
adsb.lol,2025-12-13,403,
globe.adsb.fi,2025-12-14,200,6243092
adsb.lol,2025-12-14,403,
globe.adsb.fi,2025-12-15,200,6802078
adsb.lol,2025-12-15,403,
globe.adsb.fi,2025-12-16,200,6878325
adsb.lol,2025-12-16,403,
globe.adsb.fi,2025-12-17,200,6879600
adsb.lol,2025-12-17,403,
globe.adsb.fi,2025-12-18,200,7335521
adsb.lol,2025-12-18,403,
globe.adsb.fi,2025-12-19,200,7666346
adsb.lol,2025-12-19,403,
globe.adsb.fi,2025-12-20,200,7347770
adsb.lol,2025-12-20,403,
globe.adsb.fi,2025-12-21,200,7072127
adsb.lol,2025-12-21,403,
globe.adsb.fi,2025-12-22,200,7201383
adsb.lol,2025-12-22,403,
globe.adsb.fi,2025-12-23,200,7007373
adsb.lol,2025-12-23,403,
globe.adsb.fi,2025-12-24,200,6303926
adsb.lol,2025-12-24,403,
globe.adsb.fi,2025-12-25,200,4930648
adsb.lol,2025-12-25,403,
globe.adsb.fi,2025-12-26,200,6914874
adsb.lol,2025-12-26,403,
globe.adsb.fi,2025-12-27,200,7119847
adsb.lol,2025-12-27,403,
globe.adsb.fi,2025-12-28,200,7044350
adsb.lol,2025-12-28,403,
globe.adsb.fi,2025-12-29,200,6746314
adsb.lol,2025-12-29,403,
globe.adsb.fi,2025-12-30,200,7307242
adsb.lol,2025-12-30,403,
globe.adsb.fi,2025-12-31,200,6524827
adsb.lol,2025-12-31,404,
globe.adsb.fi,2026-01-01,200,5662857
adsb.lol,2026-01-01,404,
globe.adsb.fi,2026-01-02,200,6949454
adsb.lol,2026-01-02,404,
globe.adsb.fi,2026-01-03,200,7140383
adsb.lol,2026-01-03,404,
globe.adsb.fi,2026-01-04,200,7170716
adsb.lol,2026-01-04,404,
globe.adsb.fi,2026-01-05,200,6877725
adsb.lol,2026-01-05,404,
globe.adsb.fi,2026-01-06,200,6353018
adsb.lol,2026-01-06,404,
globe.adsb.fi,2026-01-07,200,6077320
adsb.lol,2026-01-07,404,
globe.adsb.fi,2026-01-08,200,6298284
adsb.lol,2026-01-08,404,
globe.adsb.fi,2026-01-09,200,6271092
adsb.lol,2026-01-09,404,
globe.adsb.fi,2026-01-10,200,6368059
adsb.lol,2026-01-10,404,
globe.adsb.fi,2026-01-11,200,6365802
adsb.lol,2026-01-11,404,
globe.adsb.fi,2026-01-12,200,6395126
adsb.lol,2026-01-12,404,
globe.adsb.fi,2026-01-13,200,6055810
adsb.lol,2026-01-13,404,
globe.adsb.fi,2026-01-14,200,6549698
adsb.lol,2026-01-14,404,
globe.adsb.fi,2026-01-15,200,6434933
adsb.lol,2026-01-15,404,
globe.adsb.fi,2026-01-16,200,6888643
adsb.lol,2026-01-16,404,
globe.adsb.fi,2026-01-17,200,6310387
adsb.lol,2026-01-17,404,
globe.adsb.fi,2026-01-18,200,5986213
adsb.lol,2026-01-18,404,
globe.adsb.fi,2026-01-19,200,6322884
adsb.lol,2026-01-19,404,
globe.adsb.fi,2026-01-20,200,6386007
adsb.lol,2026-01-20,404,
globe.adsb.fi,2026-01-21,200,6294107
adsb.lol,2026-01-21,404,
globe.adsb.fi,2026-01-22,200,6581895
adsb.lol,2026-01-22,404,
globe.adsb.fi,2026-01-23,200,6599456
adsb.lol,2026-01-23,404,
globe.adsb.fi,2026-01-24,200,5885196
adsb.lol,2026-01-24,404,
globe.adsb.fi,2026-01-25,200,5063017
adsb.lol,2026-01-25,404,
globe.adsb.fi,2026-01-26,200,4902119
adsb.lol,2026-01-26,404,
globe.adsb.fi,2026-01-27,200,5321831
adsb.lol,2026-01-27,404,
globe.adsb.fi,2026-01-28,200,5934369
adsb.lol,2026-01-28,404,
globe.adsb.fi,2026-01-29,200,6153923
adsb.lol,2026-01-29,404,
globe.adsb.fi,2026-01-30,200,6539044
adsb.lol,2026-01-30,404,
globe.adsb.fi,2026-01-31,200,5938443
adsb.lol,2026-01-31,404,
globe.adsb.fi,2026-02-01,200,5881436
adsb.lol,2026-02-01,404,
globe.adsb.fi,2026-02-02,200,6102288
adsb.lol,2026-02-02,404,
globe.adsb.fi,2026-02-03,200,5977423
adsb.lol,2026-02-03,404,
globe.adsb.fi,2026-02-04,200,6134129
adsb.lol,2026-02-04,404,
globe.adsb.fi,2026-02-05,200,6446649
adsb.lol,2026-02-05,404,
globe.adsb.fi,2026-02-06,200,6461314
adsb.lol,2026-02-06,404,
globe.adsb.fi,2026-02-07,200,6173784
adsb.lol,2026-02-07,404,
globe.adsb.fi,2026-02-08,200,6133746
adsb.lol,2026-02-08,404,
globe.adsb.fi,2026-02-09,200,6677951
adsb.lol,2026-02-09,404,
globe.adsb.fi,2026-02-10,200,6331711
adsb.lol,2026-02-10,404,
globe.adsb.fi,2026-02-11,200,6285141
adsb.lol,2026-02-11,404,
globe.adsb.fi,2026-02-12,200,6883160
adsb.lol,2026-02-12,404,
globe.adsb.fi,2026-02-13,200,7278707
adsb.lol,2026-02-13,404,
globe.adsb.fi,2026-02-14,200,7200772
adsb.lol,2026-02-14,404,
globe.adsb.fi,2026-02-15,200,6579596
adsb.lol,2026-02-15,404,
globe.adsb.fi,2026-02-16,200,6782312
adsb.lol,2026-02-16,404,
globe.adsb.fi,2026-02-17,200,6780216
adsb.lol,2026-02-17,404,
globe.adsb.fi,2026-02-18,200,6641460
adsb.lol,2026-02-18,404,
globe.adsb.fi,2026-02-19,200,6782151
adsb.lol,2026-02-19,404,
globe.adsb.fi,2026-02-20,200,7037143
adsb.lol,2026-02-20,404,
globe.adsb.fi,2026-02-21,200,6660422
adsb.lol,2026-02-21,404,
globe.adsb.fi,2026-02-22,200,6592228
adsb.lol,2026-02-22,404,
globe.adsb.fi,2026-02-23,200,6302830
adsb.lol,2026-02-23,404,
globe.adsb.fi,2026-02-24,200,6302887
adsb.lol,2026-02-24,404,
globe.adsb.fi,2026-02-25,200,6933894
adsb.lol,2026-02-25,404,
globe.adsb.fi,2026-02-26,200,7388310
adsb.lol,2026-02-26,404,
globe.adsb.fi,2026-02-27,200,7423764
adsb.lol,2026-02-27,404,
globe.adsb.fi,2026-02-28,200,6710657
adsb.lol,2026-02-28,404,
globe.adsb.fi,2026-03-01,200,6386372
adsb.lol,2026-03-01,404,
globe.adsb.fi,2026-03-02,200,6834591
adsb.lol,2026-03-02,404,
globe.adsb.fi,2026-03-03,200,6689654
adsb.lol,2026-03-03,404,
globe.adsb.fi,2026-03-04,200,6660654
adsb.lol,2026-03-04,404,
globe.adsb.fi,2026-03-05,200,7348899
adsb.lol,2026-03-05,404,
globe.adsb.fi,2026-03-06,200,7294107
adsb.lol,2026-03-06,404,
globe.adsb.fi,2026-03-07,200,6689660
adsb.lol,2026-03-07,404,
globe.adsb.fi,2026-03-08,200,7550545
adsb.lol,2026-03-08,404,
globe.adsb.fi,2026-03-09,200,8217325
adsb.lol,2026-03-09,404,
globe.adsb.fi,2026-03-10,200,8302928
adsb.lol,2026-03-10,404,
globe.adsb.fi,2026-03-11,200,7902093
adsb.lol,2026-03-11,404,
globe.adsb.fi,2026-03-12,200,7998375
adsb.lol,2026-03-12,404,
globe.adsb.fi,2026-03-13,200,8343303
adsb.lol,2026-03-13,404,
globe.adsb.fi,2026-03-14,200,8088986
adsb.lol,2026-03-14,404,
globe.adsb.fi,2026-03-15,200,7642724
adsb.lol,2026-03-15,404,
globe.adsb.fi,2026-03-16,200,7276251
adsb.lol,2026-03-16,404,
globe.adsb.fi,2026-03-17,200,7805390
adsb.lol,2026-03-17,404,
globe.adsb.fi,2026-03-18,200,8767933
adsb.lol,2026-03-18,404,
globe.adsb.fi,2026-03-19,200,9321249
adsb.lol,2026-03-19,404,
globe.adsb.fi,2026-03-20,200,9176417
adsb.lol,2026-03-20,404,
globe.adsb.fi,2026-03-21,200,8620764
adsb.lol,2026-03-21,404,
globe.adsb.fi,2026-03-22,200,8576225
adsb.lol,2026-03-22,404,
globe.adsb.fi,2026-03-23,200,8601125
adsb.lol,2026-03-23,404,
globe.adsb.fi,2026-03-24,200,8667982
adsb.lol,2026-03-24,404,
globe.adsb.fi,2026-03-25,200,8496683
adsb.lol,2026-03-25,404,
globe.adsb.fi,2026-03-26,200,8818956
adsb.lol,2026-03-26,404,
globe.adsb.fi,2026-03-27,200,8791198
adsb.lol,2026-03-27,404,
globe.adsb.fi,2026-03-28,200,8631800
adsb.lol,2026-03-28,404,
globe.adsb.fi,2026-03-29,200,8271648
adsb.lol,2026-03-29,404,
globe.adsb.fi,2026-03-30,200,8617591
adsb.lol,2026-03-30,404,
globe.adsb.fi,2026-03-31,200,8647250
adsb.lol,2026-03-31,404,
globe.adsb.fi,2026-04-01,200,8951321
adsb.lol,2026-04-01,404,
globe.adsb.fi,2026-04-02,200,8871944
adsb.lol,2026-04-02,404,
globe.adsb.fi,2026-04-03,200,8670163
adsb.lol,2026-04-03,404,
globe.adsb.fi,2026-04-04,200,8286016
adsb.lol,2026-04-04,404,
globe.adsb.fi,2026-04-05,200,7597660
adsb.lol,2026-04-05,404,
globe.adsb.fi,2026-04-06,200,9985338
adsb.lol,2026-04-06,404,
globe.adsb.fi,2026-04-07,200,9211463
adsb.lol,2026-04-07,404,
globe.adsb.fi,2026-04-08,200,9539788
adsb.lol,2026-04-08,404,
globe.adsb.fi,2026-04-09,200,9342058
adsb.lol,2026-04-09,404,
globe.adsb.fi,2026-04-10,200,9234082
adsb.lol,2026-04-10,404,
globe.adsb.fi,2026-04-11,200,9166917
adsb.lol,2026-04-11,404,
globe.adsb.fi,2026-04-12,200,8871612
adsb.lol,2026-04-12,404,
globe.adsb.fi,2026-04-13,200,8834685
adsb.lol,2026-04-13,404,
globe.adsb.fi,2026-04-14,200,9000907
adsb.lol,2026-04-14,404,
globe.adsb.fi,2026-04-15,200,9028036
adsb.lol,2026-04-15,404,
globe.adsb.fi,2026-04-16,200,9619553
adsb.lol,2026-04-16,404,
globe.adsb.fi,2026-04-17,200,9642391
adsb.lol,2026-04-17,404,
globe.adsb.fi,2026-04-18,200,9033076
adsb.lol,2026-04-18,404,
globe.adsb.fi,2026-04-19,200,8811478
adsb.lol,2026-04-19,404,
globe.adsb.fi,2026-04-20,200,9409908
adsb.lol,2026-04-20,404,
globe.adsb.fi,2026-04-21,200,9379577
adsb.lol,2026-04-21,404,
globe.adsb.fi,2026-04-22,200,9409787
adsb.lol,2026-04-22,404,
globe.adsb.fi,2026-04-23,200,10032153
adsb.lol,2026-04-23,404,
globe.adsb.fi,2026-04-24,200,10058583
adsb.lol,2026-04-24,404,
globe.adsb.fi,2026-04-25,200,9041644
adsb.lol,2026-04-25,404,
globe.adsb.fi,2026-04-26,200,9074474
adsb.lol,2026-04-26,404,
globe.adsb.fi,2026-04-27,200,9360602
adsb.lol,2026-04-27,404,
globe.adsb.fi,2026-04-28,200,8761762
adsb.lol,2026-04-28,404,
globe.adsb.fi,2026-04-29,200,9015804
adsb.lol,2026-04-29,404,
globe.adsb.fi,2026-04-30,200,9640502
adsb.lol,2026-04-30,404,
globe.adsb.fi,2026-05-01,200,10080639
adsb.lol,2026-05-01,404,
globe.adsb.fi,2026-05-02,200,9027863
adsb.lol,2026-05-02,404,
globe.adsb.fi,2026-05-03,200,8725073
adsb.lol,2026-05-03,404,
globe.adsb.fi,2026-05-04,200,9257625
adsb.lol,2026-05-04,404,
globe.adsb.fi,2026-05-05,200,9077977
adsb.lol,2026-05-05,404,
globe.adsb.fi,2026-05-06,200,8958531
adsb.lol,2026-05-06,404,
globe.adsb.fi,2026-05-07,200,9539580
adsb.lol,2026-05-07,404,
globe.adsb.fi,2026-05-08,200,9916539
adsb.lol,2026-05-08,404,
globe.adsb.fi,2026-05-09,200,9105625
adsb.lol,2026-05-09,404,
globe.adsb.fi,2026-05-10,200,8592474
adsb.lol,2026-05-10,404,
globe.adsb.fi,2026-05-11,200,8996816
adsb.lol,2026-05-11,404,
globe.adsb.fi,2026-05-12,200,9127856
adsb.lol,2026-05-12,404,
globe.adsb.fi,2026-05-13,200,8922381
adsb.lol,2026-05-13,404,
globe.adsb.fi,2026-05-14,200,9227604
adsb.lol,2026-05-14,404,
globe.adsb.fi,2026-05-15,200,9559528
adsb.lol,2026-05-15,404,
globe.adsb.fi,2026-05-16,200,8994987
adsb.lol,2026-05-16,404,
globe.adsb.fi,2026-05-17,200,9043369
adsb.lol,2026-05-17,404,
globe.adsb.fi,2026-05-18,200,9160447
adsb.lol,2026-05-18,404,
globe.adsb.fi,2026-05-19,200,9047506
adsb.lol,2026-05-19,404,
globe.adsb.fi,2026-05-20,200,9297915
adsb.lol,2026-05-20,404,
globe.adsb.fi,2026-05-21,200,9979334
adsb.lol,2026-05-21,404,
globe.adsb.fi,2026-05-22,200,10135138
adsb.lol,2026-05-22,404,
globe.adsb.fi,2026-05-23,200,9183281
adsb.lol,2026-05-23,404,
globe.adsb.fi,2026-05-24,200,8646406
adsb.lol,2026-05-24,404,
globe.adsb.fi,2026-05-25,200,9124764
adsb.lol,2026-05-25,404,
globe.adsb.fi,2026-05-26,200,9568008
adsb.lol,2026-05-26,404,
globe.adsb.fi,2026-05-27,200,9687977
adsb.lol,2026-05-27,404,
globe.adsb.fi,2026-05-28,200,10077913
adsb.lol,2026-05-28,404,
globe.adsb.fi,2026-05-29,200,10240082
adsb.lol,2026-05-29,404,
globe.adsb.fi,2026-05-30,200,9487967
adsb.lol,2026-05-30,404,
globe.adsb.fi,2026-05-31,200,9327083
adsb.lol,2026-05-31,404,
globe.adsb.fi,2026-06-01,200,9587515
adsb.lol,2026-06-01,404,
globe.adsb.fi,2026-06-02,200,9185478
adsb.lol,2026-06-02,404,
globe.adsb.fi,2026-06-03,200,9448193
adsb.lol,2026-06-03,404,
globe.adsb.fi,2026-06-04,200,9890595
adsb.lol,2026-06-04,404,
globe.adsb.fi,2026-06-05,200,9927000
adsb.lol,2026-06-05,404,
globe.adsb.fi,2026-06-06,200,9167682
adsb.lol,2026-06-06,404,
globe.adsb.fi,2026-06-07,200,9292759
adsb.lol,2026-06-07,404,
globe.adsb.fi,2026-06-08,200,9555810
adsb.lol,2026-06-08,404,
globe.adsb.fi,2026-06-09,200,9399193
adsb.lol,2026-06-09,404,
globe.adsb.fi,2026-06-10,200,9423892
adsb.lol,2026-06-10,404,
globe.adsb.fi,2026-06-11,200,9901427
adsb.lol,2026-06-11,404,
globe.adsb.fi,2026-06-12,200,9880844
adsb.lol,2026-06-12,404,
globe.adsb.fi,2026-06-13,200,9708183
adsb.lol,2026-06-13,404,
globe.adsb.fi,2026-06-14,200,9668221
adsb.lol,2026-06-14,404,
globe.adsb.fi,2026-06-15,200,9989143
adsb.lol,2026-06-15,404,
globe.adsb.fi,2026-06-16,200,10135932
adsb.lol,2026-06-16,404,
globe.adsb.fi,2026-06-17,200,10162996
adsb.lol,2026-06-17,404,
globe.adsb.fi,2026-06-18,200,10157049
adsb.lol,2026-06-18,404,
globe.adsb.fi,2026-06-19,200,10207471
adsb.lol,2026-06-19,404,
globe.adsb.fi,2026-06-20,200,9809525
adsb.lol,2026-06-20,404,
globe.adsb.fi,2026-06-21,200,9856740
adsb.lol,2026-06-21,404,
globe.adsb.fi,2026-06-22,200,9954421
adsb.lol,2026-06-22,404,
globe.adsb.fi,2026-06-23,200,10046885
adsb.lol,2026-06-23,404,
globe.adsb.fi,2026-06-24,200,10633375
adsb.lol,2026-06-24,404,
globe.adsb.fi,2026-06-25,200,10646246
adsb.lol,2026-06-25,404,
globe.adsb.fi,2026-06-26,200,10355652
adsb.lol,2026-06-26,404,
globe.adsb.fi,2026-06-27,200,9591461
adsb.lol,2026-06-27,404,
globe.adsb.fi,2026-06-28,200,9570088
adsb.lol,2026-06-28,404,
globe.adsb.fi,2026-06-29,200,10189120
adsb.lol,2026-06-29,404,
globe.adsb.fi,2026-06-30,200,10352641
adsb.lol,2026-06-30,404,
globe.adsb.fi,2026-07-01,200,10683695
adsb.lol,2026-07-01,404,
globe.adsb.fi,2026-07-02,200,10617209
adsb.lol,2026-07-02,404,
globe.adsb.fi,2026-07-03,200,10826761
adsb.lol,2026-07-03,404,
globe.adsb.fi,2026-07-04,200,9546004
adsb.lol,2026-07-04,404,
globe.adsb.fi,2026-07-05,200,9378907
adsb.lol,2026-07-05,404,
globe.adsb.fi,2026-07-06,200,10006742
adsb.lol,2026-07-06,404,
globe.adsb.fi,2026-07-07,200,10250612
adsb.lol,2026-07-07,404,
globe.adsb.fi,2026-07-08,200,10843337
adsb.lol,2026-07-08,404,
globe.adsb.fi,2026-07-09,200,10848609
adsb.lol,2026-07-09,404,
globe.adsb.fi,2026-07-10,200,10891122
adsb.lol,2026-07-10,404,
globe.adsb.fi,2026-07-11,200,10272274
adsb.lol,2026-07-11,404,
globe.adsb.fi,2026-07-12,200,10067762
adsb.lol,2026-07-12,404,
globe.adsb.fi,2026-07-13,200,10507237
adsb.lol,2026-07-13,404,
globe.adsb.fi,2026-07-14,200,10487160
adsb.lol,2026-07-14,404,
globe.adsb.fi,2026-07-15,200,10990901
adsb.lol,2026-07-15,404,
globe.adsb.fi,2026-07-16,200,11145098
adsb.lol,2026-07-16,404,
globe.adsb.fi,2026-07-17,200,10623737
adsb.lol,2026-07-17,404,
globe.adsb.fi,2026-07-18,200,9854991
adsb.lol,2026-07-18,404,
globe.adsb.fi,2026-07-19,200,9982349
adsb.lol,2026-07-19,404,
globe.adsb.fi,2026-07-20,200,10730118
adsb.lol,2026-07-20,404,
globe.adsb.fi,2026-07-21,200,10642054
adsb.lol,2026-07-21,404,
globe.adsb.fi,2026-07-22,200,10935426
adsb.lol,2026-07-22,404,
globe.adsb.fi,2026-07-23,200,11437093
adsb.lol,2026-07-23,404,
globe.adsb.fi,2026-07-24,200,11120647
adsb.lol,2026-07-24,404,
globe.adsb.fi,2026-07-25,200,10460557
adsb.lol,2026-07-25,404,
globe.adsb.fi,2026-07-26,200,9602995
adsb.lol,2026-07-26,404,
globe.adsb.fi,2026-07-27,200,10236049
adsb.lol,2026-07-27,404,
globe.adsb.fi,2026-07-28,200,10430669
adsb.lol,2026-07-28,404,
globe.adsb.fi,2026-07-29,200,10921555
adsb.lol,2026-07-29,404,
globe.adsb.fi,2026-07-30,200,10780423
adsb.lol,2026-07-30,404,
globe.adsb.fi,2026-07-31,200,11122570
adsb.lol,2026-07-31,404,
globe.adsb.fi,2026-08-01,200,10423435
adsb.lol,2026-08-01,404,
globe.adsb.fi,2026-08-02,200,10030366
adsb.lol,2026-08-02,404,
globe.adsb.fi,2026-08-03,200,10107517
adsb.lol,2026-08-03,404,
globe.adsb.fi,2026-08-04,200,10351051
adsb.lol,2026-08-04,404,
globe.adsb.fi,2026-08-05,200,10445461
adsb.lol,2026-08-05,404,
globe.adsb.fi,2026-08-06,200,10689122
adsb.lol,2026-08-06,404,
globe.adsb.fi,2026-08-07,200,10803260
adsb.lol,2026-08-07,404,
globe.adsb.fi,2026-08-08,200,10295113
adsb.lol,2026-08-08,200,19785928
globe.adsb.fi,2026-08-09,200,10235789
adsb.lol,2026-08-09,200,8668161
globe.adsb.fi,2026-08-10,200,10450934
adsb.lol,2026-08-10,200,20657067
globe.adsb.fi,2026-08-11,200,10419225
adsb.lol,2026-08-11,200,20678167
globe.adsb.fi,2026-08-12,200,10436811
adsb.lol,2026-08-12,200,20647971
globe.adsb.fi,2026-08-13,200,10713833
adsb.lol,2026-08-13,200,21116955
globe.adsb.fi,2026-08-14,200,10794494
adsb.lol,2026-08-14,200,21379935
globe.adsb.fi,2026-08-15,200,10083403
adsb.lol,2026-08-15,200,19909822
globe.adsb.fi,2026-08-16,200,9978803
adsb.lol,2026-08-16,200,19571610
globe.adsb.fi,2026-08-17,200,10140083
adsb.lol,2026-08-17,200,19851324
globe.adsb.fi,2026-08-18,200,10258505
adsb.lol,2026-08-18,200,20093096
globe.adsb.fi,2026-08-19,200,10473565
adsb.lol,2026-08-19,200,20533228
globe.adsb.fi,2026-08-20,200,10596045
adsb.lol,2026-08-20,200,20947244
globe.adsb.fi,2026-08-21,200,10546903
adsb.lol,2026-08-21,200,20770884
globe.adsb.fi,2026-08-22,200,9865956
adsb.lol,2026-08-22,200,19367263
globe.adsb.fi,2026-08-23,200,10272715
adsb.lol,2026-08-23,200,20324025
globe.adsb.fi,2026-08-24,200,10520111
adsb.lol,2026-08-24,200,20847170
globe.adsb.fi,2026-08-25,200,10480979
adsb.lol,2026-08-25,200,20701403
globe.adsb.fi,2026-08-26,200,10597931
adsb.lol,2026-08-26,200,20951901
globe.adsb.fi,2026-08-27,200,10458804
adsb.lol,2026-08-27,200,20798279
globe.adsb.fi,2026-08-28,200,10126980
adsb.lol,2026-08-28,200,20048949
globe.adsb.fi,2026-08-29,200,9810070
adsb.lol,2026-08-29,200,19389133
globe.adsb.fi,2026-08-30,200,9736623
adsb.lol,2026-08-30,200,19101047
globe.adsb.fi,2026-08-31,200,10102255
adsb.lol,2026-08-31,200,20127681
globe.adsb.fi,2026-09-01,200,10194993
adsb.lol,2026-09-01,200,20301007
globe.adsb.fi,2026-09-02,200,10335408
adsb.lol,2026-09-02,200,20461119
globe.adsb.fi,2026-09-03,200,10379515
adsb.lol,2026-09-03,200,20671014
globe.adsb.fi,2026-09-04,200,10373208
adsb.lol,2026-09-04,200,20632596
globe.adsb.fi,2026-09-05,200,9847943
adsb.lol,2026-09-05,200,19532786
globe.adsb.fi,2026-09-06,200,9595443
adsb.lol,2026-09-06,200,19027908
globe.adsb.fi,2026-09-07,200,9829562
adsb.lol,2026-09-07,200,19583875
globe.adsb.fi,2026-09-08,200,10296368
adsb.lol,2026-09-08,200,20511057
globe.adsb.fi,2026-09-09,200,10350262
adsb.lol,2026-09-09,200,20767684
globe.adsb.fi,2026-09-10,200,10579342
adsb.lol,2026-09-10,200,21180606
globe.adsb.fi,2026-09-11,200,10528854
adsb.lol,2026-09-11,200,21100829
globe.adsb.fi,2026-09-12,200,9813013
adsb.lol,2026-09-12,200,19587879
globe.adsb.fi,2026-09-13,200,9194425
adsb.lol,2026-09-13,200,18194831
globe.adsb.fi,2026-09-14,200,10410160
adsb.lol,2026-09-14,200,20850268
globe.adsb.fi,2026-09-15,200,10219193
adsb.lol,2026-09-15,200,20472875
globe.adsb.fi,2026-09-16,200,10162987
adsb.lol,2026-09-16,200,20316958
